"source";"check";"SCOPUS_source";"Print.ISSN";"Electronic.ISSN";"ASJC.field.IDs";"IPP";"SNIP"
"15th Annual International Conference on Intelligent Systems for Molecular Biology (ISMB) andamp; 6th European Conference on Computational Biology (ECCB)";"REMOVE";NA;NA;NA;NA;NA;NA
"20th International Conference on Data Engineering (ICDE)";"REMOVE";NA;NA;NA;NA;NA;NA
"23rd IEEE Conference on Mass Storage Systems and Technologies";"REMOVE";NA;NA;NA;NA;NA;NA
"2nd IEEE International Conference on Web Services (ICWS)";"REMOVE";NA;NA;NA;NA;NA;NA
"30th Congress of the International Association of Theoretical and Applied Limnology";"REMOVE";NA;NA;NA;NA;NA;NA
"3rd IEEE International Conference on Web Services (ICWS)";"REMOVE";NA;NA;NA;NA;NA;NA
"3rd International Workshop on Data Integration in the Life Sciences (DILS), European Bioinformatics Institute (EBI)";"REMOVE";NA;NA;NA;NA;NA;NA
"4th European Semantic Web Conference";"REMOVE";NA;NA;NA;NA;NA;NA
"4th IEEE International Conference on e-Science";"REMOVE";NA;NA;NA;NA;NA;NA
"5th International Conference on Ecological Informatics (ISEI5)";"REMOVE";NA;NA;NA;NA;NA;NA
"5th International Semantic Web Conference (ISWC) Workshop";"REMOVE";NA;NA;NA;NA;NA;NA
"6th International Conference on Data Mining (ICDM)";"REMOVE";NA;NA;NA;NA;NA;NA
"6th International Conference on Web-Age Information Management (WAIM)";"REMOVE";NA;NA;NA;NA;NA;NA
"A report of the Basin Regional Assessment Team for the U.S. Global Change Research Program, Utah State University";"REMOVE";NA;NA;NA;NA;NA;NA
"ACM International Conference Proceedings Series, 2nd International Workshop on Data Management for Sensor Networks";"REMOVE";NA;NA;NA;NA;NA;NA
"ACM Symposium on Principles of Database Systems (PODS)";"REMOVE";NA;NA;NA;NA;NA;NA
"ACM Transactions on Database Systems (TODS) (Special Issue)";"REMOVE";NA;NA;NA;NA;NA;NA
"ACM Transactions on Information Systems";"OK";"ACM Transactions on Information Systems";"1046-8188";"1558-2868";"1400; 1706; 1710";4,2396694214876;2,70685144115263
"Acta Oecologica";"OK";"Acta Oecologica";"1146-609X";"-";"1105; 2309";1,85211267605634;0,762244670439085
"ACTA Oecologica-International Journal of Ecology";"OK";"Acta Oecologica";"1146-609X";"-";"1105; 2309";1,85211267605634;0,762244670439085
"Advanced Visual Interfaces (AVI) 2006";"REMOVE";NA;NA;NA;NA;NA;NA
"Advanced Web Technologies and Applications";"REMOVE";NA;NA;NA;NA;NA;NA
"Advances in Ecological Research";"OK";"Advances in Ecological Research";"0065-2504";"-";"1105; 2303";3;1,87153393776035
"Advances in Neural Information Processing Systems";"REMOVE";NA;NA;NA;NA;NA;NA
"African Journal of Aquatic Science";"OK";"African Journal of Aquatic Science";"1608-5914";"1727-9364";"1104; 1105";1,76106194690265;0,726026182862653
"African Journal of Marine Science";"OK";"African Journal of Marine Science";"1814-232X";"1814-2338";"1104; 1105";1,03968253968254;0,455711144448439
"Agricultural and Forest Meteorology";"OK";"Agricultural and Forest Meteorology";"0168-1923";"-";"1102; 1107; 1902; 2306";6,81209899175069;1,84192338894309
"Agriculture, Ecosystems and Environment";"OK";"Agriculture, Ecosystems and Environment";"0167-8809";"-";"1102; 1103; 2303";6,83126293995859;2,01297086940291
"Agriculture, Ecosystems and Environment";"OK";"Agriculture, Ecosystems and Environment";"0167-8809";"-";"1102; 1103; 2303";6,83126293995859;2,01297086940291
"Agronomy for Sustainable Development";"OK";"Agronomy for Sustainable Development";"1774-0746";"1773-0155";"1102; 2305";8,28571428571429;2,93128556712147
"Alpine Botany";"OK";"Alpine Botany";"1664-2201";"1664-221X";"1105; 1110";2,93617021276596;1,1794713514999
"Am Nat";"OK";"American Naturalist";"0003-0147";"1537-5323";"1105";3,71492204899777;1,30310599665395
"Ambio";"OK";"Ambio";"0044-7447";"1654-7209";"2303; 2304; 3305";6,53296703296703;2,10235793425183
"American Biology Teacher";"OK";"American Biology Teacher";"0002-7685";"-";"1100; 1101; 3304";0,493150684931507;0,48728149320574
"American Fisheries Society Symposium";"REMOVE";NA;NA;NA;NA;NA;NA
"American Journal of Botany";"OK";"American Journal of Botany";"0002-9122";"1537-2197";"1105; 1110; 1311";3,54606741573034;1,35372081165568
"American Journal of Tropical Medicine and Hygiene";"OK";"American Journal of Tropical Medicine and Hygiene";"0002-9637";"1476-1645";"2405; 2406; 2725";2,90540540540541;1,09012433860906
"American Midland Naturalist";"OK";"American Midland Naturalist";"0003-0031";"-";"1105";0,79136690647482;0,429021529506109
"American Naturalist";"OK";"American Naturalist";"0003-0147";"1537-5323";"1105";3,71492204899777;1,30310599665395
"American Scientist";"OK";"American Scientist";"0003-0996";"-";"1000";0,4;0,68045401449557
"American Sociological Review";"OK";"American Sociological Review";"0003-1224";"1939-8271";"3312";10,9916666666667;6,40899145520275
"American Zoologist";"REMOVE";NA;NA;NA;NA;NA;NA
"Amphibia-Reptilia";"OK";"Amphibia - Reptilia";"0173-5373";"1568-5381";"1103; 1105";1,86754966887417;0,893335869397695
"Amphibian andamp; Reptile Conservation";"OK";"Amphibian and Reptile Conservation";"1083-446X";"1525-9153";"1103; 1105; 2303; 2309";1,23157894736842;0,726025212806168
"Animal Behaviour";"OK";"Animal Behaviour";"0003-3472";"1095-8282";"1103; 1105";2,9475138121547;1,21506115413085
"Animal Conservation";"OK";"Animal Conservation";"1367-9430";"1469-1795";"2303; 2309";4,14117647058824;1,50393343109015
"Animal Microbiome";"REMOVE";NA;NA;NA;NA;NA;NA
"Annales Zoologici";"OK";"Annales Zoologici";"0003-4541";"-";"1105";1,04166666666667;0,912483202415738
"Annali di Botanica";"OK";"Annali di Botanica";"0365-0812";"2239-3129";"1110";1,44444444444444;0,543217641699733
"Annals of Applied Statistics";"OK";"Annals of Applied Statistics";"1932-6157";"1941-7330";"1804; 2611; 2613";2,2248322147651;1,32340610000252
"Annals of Botany";"OK";"Annals of Botany";"0305-7364";"1095-8290";"1110";5,00359066427289;1,64101801711674
"Annals of Forest Science";"OK";"Annals of Forest Science";"1286-4560";"1297-966X";"1107; 2303";3,5258064516129;1,37015863981015
"Annals of the Association of American Geographers";"REMOVE";NA;NA;NA;NA;NA;NA
"Annals of the New York Academy of Sciences";"OK";"Annals of the New York Academy of Sciences";"0077-8923";"1749-6632";"1207; 1300; 2800";6,03938356164384;1,9317056854783
"Annual Review of Earth and Planetary Sciences";"OK";"Annual Review of Earth and Planetary Sciences";"0084-6597";"-";"1901; 1912; 3103";14,0606060606061;4,00191628280403
"Annual Review of Ecology Evolution and Systematics";"OK";"Annual Review of Ecology, Evolution, and Systematics";"1543-592X";"1545-2069";"1105; 2303";16,4305555555556;4,38789552105621
"Annual Review of Entomology";"OK";"Annual Review of Entomology";"0066-4170";"1545-4487";"1105; 1109";23,68;9,15498328526866
"Annual Review of Environment and Resources";"OK";"Annual Review of Environment and Resources";"1543-5938";"1545-2050";"2300";14,4259259259259;3,94331536310168
"AoB PLANTS";"OK";"AoB PLANTS";"-";"2041-2851";"1110";3,44131455399061;1,32643091038156
"Apidologie";"OK";"Apidologie";"0044-8435";"1297-9678";"1109";2,85098039215686;1,19876590098721
"Applied and Environmental Microbiology";"OK";"Applied and Environmental Microbiology";"0099-2240";"1098-5336";"1106; 1305; 2303; 2402";4,85140562248996;1,28113857439753
"Applied Geography";"OK";"Applied Geography";"0143-6228";"-";"1107; 1409; 2300; 3305";5,25369978858351;1,7141939618561
"Applied Soil Ecology";"OK";"Applied Soil Ecology";"0929-1393";"-";"1101; 1111; 2303";5,13136094674556;1,40982805296467
"Applied Vegetation Science";"OK";"Applied Vegetation Science";"1402-2001";"1654-109X";"2303; 2308; 2309";3,78571428571429;1,46191261762023
"Aquaculture";"OK";"Aquaculture";"0044-8486";"-";"1104";4,75774542739828;1,49920008988959
"Aquatic Biology";"OK";"Aquatic Biology";"1864-7782";"1864-7790";"1104; 1105; 1910; 2303";2,5609756097561;0,784800243818215
"Aquatic Conservation-Marine and Freshwater Ecosystems";"OK";"Aquatic Conservation: Marine and Freshwater Ecosystems";"1052-7613";"1099-0755";"1104; 2303; 2309";3,04604051565378;1,11447881291501
"Aquatic Conservation: Marine and Freshwater Ecosystems";"OK";"Aquatic Conservation: Marine and Freshwater Ecosystems";"1052-7613";"1099-0755";"1104; 2303; 2309";3,04604051565378;1,11447881291501
"Aquatic Invasions";"OK";"Aquatic Invasions";"1798-6540";"1818-5487";"1104; 2312";2,53968253968254;1,1003589290364
"Aquatic Sciences";"OK";"Aquatic Sciences";"1015-1621";"1420-9055";"1104; 1105; 2303; 2312";2,85786802030457;0,914638701987133
"Aquatic Toxicology";"OK";"Aquatic Toxicology";"0166-445X";"1879-1514";"1104; 2307";5,21908602150538;1,22072379189567
"Archiving 2006";"REMOVE";NA;NA;NA;NA;NA;NA
"Arctic";"OK";"Arctic";"0004-0843";"1923-1245";"1105";1,6039603960396;0,627897617204072
"Arctic, Antarctic, and Alpine Research";"OK";"Arctic, Antarctic, and Alpine Research";"1523-0430";"1938-4246";"1105; 1904; 2306";2,03623188405797;0,668210299442516
"Astrobiology";"OK";"Astrobiology";"1531-1074";"1557-8070";"1101; 1912";4,04934210526316;1,21236309991755
"Auk";"OK";"Auk";"0004-8038";"2732-4613";"1103; 1105";2,22164948453608;1,03114119000444
"Austral Ecology";"OK";"Austral Ecology";"1442-9985";"1442-9993";"1105; 2303";2,11875;0,800034965087093
"Australian Institute of Geologists News";"REMOVE";NA;NA;NA;NA;NA;NA
"Australian Journal of Botany";"OK";"Australian Journal of Botany";"0067-1924";"1444-9862";"1105; 1110";1,51497005988024;0,78334656119729
"Australian Journal of Earth Sciences";"OK";"Australian Journal of Earth Sciences";"0812-0099";"1440-0952";"1900; 1901";1,5;0,65742162876151
"Australian Zoologist";"OK";"Australian Zoologist";"0067-2238";"-";"1103";0,843137254901961;0,341640006456473
"Basic and Applied Ecology";"OK";"Basic and Applied Ecology";"1439-1791";"1618-0089";"1105";3,53926701570681;1,19193872490842
"Bayesian Analysis";"OK";"Bayesian Analysis";"1936-0975";"1931-6690";"2604; 2613";2,83216783216783;2,24488995847063
"Behavioral and Brain Sciences";"OK";"Behavioral and Brain Sciences";"0140-525X";"1469-1825";"1314; 2802; 3206";0,887459807073955;0,368490926921543
"Behavioral Ecology";"OK";"Behavioral Ecology";"1045-2249";"1465-7279";"1103; 1105";2,91521739130435;1,25565158303919
"Behavioral Ecology and Sociobiology";"OK";"Behavioral Ecology and Sociobiology";"0340-5443";"1432-0762";"1103; 1105";3,03012048192771;1,26324737766625
"Big Earth Data";"OK";"Big Earth Data";"2096-4471";"2574-5417";"1706; 1903";4,49230769230769;1,56533382486862
"Biodiversity and Conservation";"OK";"Biodiversity and Conservation";"0960-3115";"1572-9710";"1105; 2303; 2309";3,7319932998325;1,28653062779443
"Biodiversity and Ecology";"REMOVE";NA;NA;NA;NA;NA;NA
"Biodiversity Data Journal";"OK";"Biodiversity Data Journal";"1314-2836";"1314-2828";"1105; 2303";1,54748603351955;0,904313628562133
"Biodiversity Informatics";"REMOVE";NA;NA;NA;NA;NA;NA
"Biogeochemistry";"OK";"Biogeochemistry";"0168-2563";"1573-515X";"1904; 2304; 2312";5,26298701298701;1,52120870540672
"Biogeochemistry Letters";"REMOVE";NA;NA;NA;NA;NA;NA
"Biogeosciences";"OK";"Biogeosciences";"1726-4170";"1726-4189";"1105; 1904";4,72034715525554;1,29939120100134
"Bioinformatics";"OK";"Bioinformatics";"1367-4803";"1367-4811";"1303; 1312; 1703; 1706; 2605; 2613";7,78573877271169;2,27242956135578
"Biological Conservation";"OK";"Biological Conservation";"0006-3207";"-";"1105; 2309";6,35934664246824;2,19748395947739
"Biological Invasions";"OK";"Biological Invasions";"1387-3547";"1573-1464";"1105; 2303";3,38101430429129;1,29052103554463
"Biological Journal of the Linnean Society";"OK";"Biological Journal of the Linnean Society";"0024-4066";"1095-8312";"1105";2,24102564102564;0,932428075274174
"Biological Reviews";"OK";"Biological Reviews";"1464-7931";"1469-185X";"1100; 1300";14,1275862068966;4,65289003313806
"Biology and Fertility of Soils";"OK";"Biology and Fertility of Soils";"0178-2762";"1432-0789";"1102; 1111; 2404";7,23206751054852;1,89533154071572
"Biology Letters";"OK";"Biology Letters";"1744-9561";"1744-957X";"1100; 1101";3,82807570977918;1,28442443858942
"Biomass and Bioenergy";"OK";"Biomass and Bioenergy";"0961-9534";"1873-2909";"1102; 1107; 2105; 2311";5,58367346938776;1,38659797140259
"Biometrics";"OK";"Biometrics";"0006-341X";"1541-0420";"1100; 1300; 2400; 2604; 2613";2,23112128146453;1,43611582817465
"BioOne";"REMOVE";NA;NA;NA;NA;NA;NA
"bioRxiv";"REMOVE";NA;NA;NA;NA;NA;NA
"Bioscience";"OK";"BioScience";"0006-3568";"1525-3244";"1100";8,80088495575221;2,7984792391154
"BioScience";"OK";"BioScience";"0006-3568";"1525-3244";"1100";8,80088495575221;2,7984792391154
"Biota Neotropica";"OK";"Biota Neotropica";"1676-0611";"1676-0603";"1105";1,58333333333333;0,899171292032957
"Biotechniques";"OK";"BioTechniques";"0736-6205";"1940-9818";"1300; 1305";1,88666666666667;0,6045302972957
"Biotropica";"OK";"Biotropica";"0006-3606";"1744-7429";"1105";2,70068027210884;1,0578705002833
"Bird Conservation International";"OK";"Bird Conservation International";"0959-2709";"1474-0001";"1103; 2303; 2309";1,99346405228758;0,993971219800848
"BMC Bioinformatics";"OK";"BMC Bioinformatics";"1471-2105";"-";"1303; 1312; 1315; 1706; 2604";3,78918322295806;1,10531354520928
"BMC Biology";"OK";"BMC Biology";"1741-7007";"-";"1100; 1105; 1110; 1300; 1305; 1307; 1309; 1314; 1315";6,83703703703704;1,51107275535042
"BMC Evolutionary Biology";"OK";"BMC Evolutionary Biology";"1471-2148";"-";"1105";3,41595925297114;1,62812405803673
"BMC Genomics";"OK";"BMC Genomics";"1471-2164";"-";"1305; 1311";4,63490934944899;1,23714356806507
"Botanical Journal of the Linnean Society";"OK";"Botanical Journal of the Linnean Society";"0024-4074";"1095-8339";"1105; 1110";2,71428571428571;1,47542498300577
"Botany Letters";"OK";"Botany Letters";"2381-8107";"2381-8115";"1110";1,81746031746032;1,16238433539657
"Brief Communications Arising";"REMOVE";NA;NA;NA;NA;NA;NA
"Bulletin of Marine Science";"OK";"Bulletin of Marine Science";"0007-4977";"1553-6955";"1104; 1910";1,53254437869822;0,705046934840288
"Bulletin of Marine Science (Special Issue: Confronting Trade-Offs in the Ecosystem Approach to Fisheries Management)";"OK";"Bulletin of Marine Science";"0007-4977";"1553-6955";"1104; 1910";1,53254437869822;0,705046934840288
"Bulletin of the American Meteorological Society";"OK";"Bulletin of the American Meteorological Society";"0003-0007";"1520-0477";"1902";6,826171875;2,20778405798953
"Bulletin of the British Ecological Society";"REMOVE";NA;NA;NA;NA;NA;NA
"Bulletin of the British Ornithologistsand#039; Club";"OK";"Bulletin of the British Ornithologists' Club";"0007-1595";"-";"1103; 1105";0,364583333333333;0,470387906902695
"Bulletin of the Ecological Society of America";"REMOVE";NA;NA;NA;NA;NA;NA
"Bulletin of the Ecological Society of America (Emerging Technologies)";"REMOVE";NA;NA;NA;NA;NA;NA
"Bulletin of the Eurasian Dry Grassland Group";"REMOVE";NA;NA;NA;NA;NA;NA
"Bulletin of the European Dry Grassland Group";"REMOVE";NA;NA;NA;NA;NA;NA
"Bulletin of the Geological Society of France";"REMOVE";NA;NA;NA;NA;NA;NA
"Calcofi Reports";"REMOVE";NA;NA;NA;NA;NA;NA
"California Agriculture";"OK";"California Agriculture";"0008-0845";"1097-0967";"1102; 1107; 1110";1,41538461538462;0,755383194832849
"Canadian Journal of Botany-Revue Canadienne de Botanique";"REMOVE";NA;NA;NA;NA;NA;NA
"Canadian Journal of Fisheries and Aquatic Sciences";"OK";"Canadian Journal of Fisheries and Aquatic Sciences";"0706-652X";"1205-7533";"1104; 1105";2,84491978609626;1,1091998767596
"Canadian Journal of Forest Research-Revue Canadienne de Recherche Forestier";"OK";"Canadian Journal of Forest Research";"0045-5067";"1208-6037";"1107; 2303; 2306";2,31234866828087;0,97496084537009
"Canadian Journal of Zoology-Revue Canadienne de Zoologie";"REMOVE";"Canadian Journal of Zoology";NA;NA;NA;NA;NA
"Cladistics";"OK";"Cladistics";"0748-3007";"1096-0031";"1105";4,41584158415842;2,27359860441139
"Climate Research";"OK";"Climate Research";"0936-577X";"1616-1572";"1902; 2300; 2304";2,00787401574803;0,638385573302221
"Climatic Change";"OK";"Climatic Change";"0165-0009";"1573-1480";"1902; 2306";4,97037037037037;1,51889295984552
"Cluster Computing-The Journal of Networks Software Tools and Applications";"REMOVE";"Cluster Computing";NA;NA;NA;NA;NA
"Coastal Management";"OK";"Coastal Management";"0892-0753";"1521-0421";"2300; 2304";2,97979797979798;1,14268692870263
"Communications Biology";"OK";"Communications Biology";"-";"2399-3642";"1100; 1300; 2701";6,21605839416058;1,49310863622129
"Comparative Biochemistry and Physiology";"REMOVE";NA;NA;NA;NA;NA;NA
"Comparative Biochemistry and Physiology, Part A";"OK";"Comparative biochemistry and physiology. Part A, Molecular & integrative physiology";"1095-6433";"1531-4332";"1103; 1104; 1303; 1312; 1314";2,72413793103448;0,95594330847766
"Computer Society of India Journal";"REMOVE";NA;NA;NA;NA;NA;NA
"Computing in Science andamp; Engineering";"OK";"Computing in Science and Engineering";"1521-9615";"1558-366X";"1700; 2200";1,64367816091954;0,846592474823235
"Concurrency and Computation-Practice andamp; Experience";"REMOVE";NA;NA;NA;NA;NA;NA
"Condor";"OK";"Condor";"0010-5422";"-";"1103; 1105";2,38502673796791;1,08596796324353
"Conservation Biology";"OK";"Conservation Biology";"0888-8892";"1523-1739";"1105; 2303; 2309";6,20047169811321;2,06719332180371
"Conservation Biology in Practice";"REMOVE";NA;NA;NA;NA;NA;NA
"Conservation Ecology";"REMOVE";NA;NA;NA;NA;NA;NA
"Conservation Ecology (Online)";"REMOVE";NA;NA;NA;NA;NA;NA
"Conservation Genetics";"OK";"Conservation Genetics";"1566-0621";"1572-9737";"1105; 1311";2,66449511400651;0,929123929996152
"Conservation Genetics Resources";"OK";"Conservation Genetics Resources";"1877-7252";"1877-7260";"1105; 1311";0,888888888888889;0,49323881271515
"Conservation Letters";"OK";"Conservation Letters";"1755-263X";"-";"1105; 2303; 2309";9,16161616161616;2,89258708832
"Conservation Science and Practice";"REMOVE";NA;NA;NA;NA;NA;NA
"Contributions to Zoology";"OK";"Contributions to Zoology";"1383-4517";"1875-9866";"1103; 1105";2,28260869565217;1,07649744560345
"Coral Reefs";"OK";"Coral Reefs";"0722-4028";"1432-0975";"1104";4,07082152974504;1,05694719645656
"Coral Reefs (Online)";"OK";"Coral Reefs";"0722-4028";"1432-0975";"1104";4,07082152974504;1,05694719645656
"Courier Forschungsinstitut Senckenberg";"REMOVE";NA;NA;NA;NA;NA;NA
"Critical Reviews in Environmental Science and Technology";"OK";"Critical Reviews in Environmental Science and Technology";"1064-3389";"1547-6537";"2305; 2310; 2311; 2312";13,0466666666667;2,54701974577105
"Current Biology";"OK";"Current Biology";"0960-9822";"1879-0445";"1100; 1300; 2800";8,13412563667233;2,17089229769524
"Current Forestry Reports";"OK";"Current Forestry Reports";"-";"2198-6436";"1105; 1107; 2303; 2309";9,23214285714286;2,90336296767892
"Current Opinion in Environmental Sustainability";"OK";"Current Opinion in Environmental Sustainability";"1877-3435";"-";"2300; 3300";7,42635658914729;2,1030020303308
"Current Zoology";"OK";"Current Zoology";"1674-5507";"-";"1103";2,70344827586207;0,996810344610763
"D-Lib Magazine";"REMOVE";NA;NA;NA;NA;NA;NA
"Data andamp; Knowledge Engineering";"OK";"Data and Knowledge Engineering";"0169-023X";"-";"1802";2,03896103896104;1,21897662212276
"Data Integration in the Life Sciences";"REMOVE";NA;NA;NA;NA;NA;NA
"Data Science Journal";"OK";"Data Science Journal";"1683-1470";"-";"1701; 1706";1,51428571428571;0,889420366010255
"Deep-Sea Reasearch Part I-Oceanographic Research Papers";"OK";"Deep-Sea Research Part I: Oceanographic Research Papers";"0967-0637";"-";"1104; 1910";2,95629820051414;1,11502306484555
"Deep-Sea Reasearch Part Ii-Topical Studies in Oceanography";"OK";"Deep-Sea Research Part II: Topical Studies in Oceanography";"0967-0645";"-";"1910";2,76331360946746;0,948827997521587
"Discrete and Continuous Dynamical Systems-Series B";"OK";"Discrete and Continuous Dynamical Systems - Series B";"1531-3492";"1553-524X";"2604; 2607";1,43264248704663;0,892360028188528
"Diversity and Distributions";"OK";"Diversity and Distributions";"1366-9516";"1472-4642";"1105";5,67554479418886;1,78867621342688
"Earth and Space Science";"OK";"Earth and Space Science";"-";"2333-5084";"1900; 2301";3,4887983706721;1,25893395965103
"Earth Surface Processes and Landforms";"OK";"Earth Surface Processes and Landforms";"0197-9337";"1096-9837";"1901; 1904; 3305";3,83477011494253;1,26128653035939
"Earth System Science Data";"OK";"Earth System Science Data";"1866-3508";"1866-3516";"1900";10,4407582938389;3,0338552840466
"Earth System Science Data Discussion";"OK";"Earth System Science Data";"1866-3508";"1866-3516";"1900";10,4407582938389;3,0338552840466
"Earth's Future";"OK";"Earth's Future";"-";"2328-4277";"1901; 2300";8,66555183946488;2,15778878525053
"EcoEvoRxiv";"REMOVE";NA;NA;NA;NA;NA;NA
"Ecography";"OK";"Ecography";"0906-7590";"1600-0587";"1105";6,93980582524272;2,11119839675989
"Ecohealth";"OK";"EcoHealth";"1612-9202";"1612-9210";"2303; 2307";3,48022598870056;1,15102863555452
"EcoHealth";"OK";"EcoHealth";"1612-9202";"1612-9210";"2303; 2307";3,48022598870056;1,15102863555452
"Ecol Lett";"OK";"Ecology Letters";"1461-023X";"1461-0248";"1105";14,6691176470588;4,58441518583091
"EcologÃa Austral";"OK";"Austral Ecology";"1442-9985";"1442-9993";"1105; 2303";2,11875;0,800034965087093
"Ecological Applications";"OK";"Ecological Applications";"1051-0761";"1939-5582";"2303";5,17063492063492;1,60423841210817
"Ecological Applications (Supplement: the Science of Marine Reserves)";"OK";"Ecological Applications";"1051-0761";"1939-5582";"2303";5,17063492063492;1,60423841210817
"Ecological Economics";"OK";"Ecological Economics";"0921-8009";"-";"2002; 2300";6,42;2,0842856375791
"Ecological Engineering";"OK";"Ecological Engineering";"0925-8574";"-";"2305; 2308; 2309";4,640625;1,35922636902931
"Ecological Entomology";"OK";"Ecological Entomology";"0307-6946";"1365-2311";"1109; 2303";2,32743362831858;0,972453581184533
"Ecological Indicators";"OK";"Ecological Indicators";"1470-160X";"-";"1105; 1800; 2303";6,32219486457967;1,66537903726563
"Ecological Informatics";"OK";"Ecological Informatics";"1574-9541";"-";"1105; 1703; 1706; 2302; 2303; 2604; 2611";4,66339869281046;1,43569927987418
"Ecological Modelling";"OK";"Ecological Modelling";"0304-3800";"1872-7026";"2302";3,25130208333333;1,02449717823413
"Ecological Modelling (Special Issue: Placing Fisheries in Their Ecosystem Context)";"OK";"Ecological Modelling";"0304-3800";"1872-7026";"2302";3,25130208333333;1,02449717823413
"Ecological Monographs";"OK";"Ecological Monographs";"0012-9615";"1557-7015";"1105";10,175;3,4028522908496
"Ecological Research";"OK";"Ecological Research";"0912-3814";"1440-1703";"1105";2,13898305084746;0,842036484359826
"Ecological Society of America";"REMOVE";NA;NA;NA;NA;NA;NA
"Ecology";"OK";"Ecology";"0012-9658";"1939-9170";"1105";5,5259900990099;1,8165917154261
"Ecology (Special Issue: Phylogenetic Approaches to Community Ecology)";"OK";"Ecology";"0012-9658";"1939-9170";"1105";5,5259900990099;1,8165917154261
"Ecology andamp;amp; Society";"OK";"Ecology and Society";"1708-3087";"-";"2303";4,77852348993289;1,6556122928181
"Ecology andamp;amp;amp; Society";"OK";"Ecology and Society";"1708-3087";"-";"2303";4,77852348993289;1,6556122928181
"Ecology and Evolution";"OK";"Ecology and Evolution";"2045-7758";"-";"1105; 2303; 2309";3,14509202453988;1,12892304295724
"Ecology and Society";"OK";"Ecology and Society";"1708-3087";"-";"2303";4,77852348993289;1,6556122928181
"Ecology Letters";"OK";"Ecology Letters";"1461-023X";"1461-0248";"1105";14,6691176470588;4,58441518583091
"Ecoscience";"OK";"Ecoscience";"1195-6860";"-";"1105; 2303";1,48780487804878;0,642979272553876
"Ecosistemas";"OK";"Ecosistemas";"-";"1697-2473";"1105; 2303";0,676056338028169;0,332616042682832
"Ecosphere";"OK";"Ecosphere";"-";"2150-8925";"1105; 2303";3,65289982425308;1,23679679508599
"Ecosystem Services";"OK";"Ecosystem Services";"2212-0416";"-";"1101; 2303; 2306; 2308; 2309; 3305";7,06274509803922;1,80679512053366
"Ecosystems";"OK";"Ecosystems";"1432-9840";"1435-0629";"1105; 2303; 2304";4,60055865921788;1,43720379548968
"Ecosystems (Special Feature on Discontinuous Structure in Ecological Systems)";"OK";"Ecosystems";"1432-9840";"1435-0629";"1105; 2303; 2304";4,60055865921788;1,43720379548968
"Ecosystems and People";"OK";"Ecosystems and People";"2639-5908";"2639-5916";"1105; 2308; 2309";5,01612903225806;1,63081719533902
"Ecotoxicology";"OK";"Ecotoxicology";"0963-9292";"1573-3017";"2307; 2308; 3005";3,06;0,847972457614188
"Elementa";"OK";"Elementa";"-";"2325-1026";"1902; 1907; 1909; 1910; 2303; 2305";5,33505154639175;1,55690584307613
"eLife";"OK";"eLife";"2050-084X";"-";"1300; 2400; 2800";8,21849614663612;1,92715981649705
"Embo Reports";"OK";"EMBO Reports";"1469-221X";"1469-3178";"1303; 1311; 1312";7,84760273972603;1,54734385392392
"Emerging Infectious Diseases";"OK";"Emerging Infectious Diseases";"1080-6040";"1080-6059";"2713; 2725; 2726";8,75793650793651;2,77123365025184
"Encyclopedia of Biodiversity";"REMOVE";NA;NA;NA;NA;NA;NA
"Endangered Species Update";"REMOVE";NA;NA;NA;NA;NA;NA
"Environment";"OK";"Environment";"0013-9157";"1939-9154";"2105; 2305; 2306; 2312";3,1875;1,63047811474124
"Environment and Society: Advances in Research";"OK";"Environment and Society: Advances in Research";"2150-6779";"2150-6787";"2306; 2309; 3305; 3314";4,92857142857143;3,4288345213805
"Environmental and Ecological Statistics";"OK";"Environmental and Ecological Statistics";"1352-8505";"1573-3009";"1804; 2300; 2613";1,96052631578947;0,78087885030889
"Environmental and Resource Economics";"OK";"Environmental and Resource Economics";"0924-6460";"1573-1502";"2002; 2308";3,88804071246819;1,39021139402591
"Environmental Biology of Fishes";"OK";"Environmental Biology of Fishes";"0378-1909";"1573-5133";"1104; 1105";1,88300835654596;0,901824829002049
"Environmental Communication";"OK";"Environmental Communication";"1752-4032";"1752-4040";"2301; 2308";3,28699551569507;1,28340724365102
"Environmental Conservation";"OK";"Environmental Conservation";"0376-8929";"1469-4387";"2307; 2308; 2309; 2310; 2312";3,10077519379845;1,08334688320961
"Environmental Evidence";"OK";"Environmental Evidence";"-";"2047-2382";"2303; 2308; 2310";4,97849462365591;1,65195974370723
"Environmental Management";"OK";"Environmental Management";"0364-152X";"1432-1009";"2303; 2306; 2310";3,77541371158392;1,17909938362531
"Environmental Microbiology";"OK";"Environmental Microbiology";"1462-2912";"1462-2920";"1105; 2404";5,77268195413759;1,35196820989328
"Environmental Modelling and Software";"OK";"Environmental Modelling and Software";"1364-8152";"1873-6726";"1712; 2302; 2305";5,66145092460882;1,78018474732485
"Environmental Pollution";"OK";"Environmental Pollution";"0269-7491";"1873-6424";"2307; 2310; 3005";9,25402365716502;1,78936154239839
"Environmental Research";"OK";"Environmental Research";"0013-9351";"1096-0953";"1303; 2300";7,51145356101624;1,6720808476018
"Environmental Research Letters";"OK";"Environmental Research Letters";"1748-9326";"-";"2105; 2300; 2739";6,99043784599899;1,79473200856031
"Environmental Science and Policy";"OK";"Environmental Science and Policy";"1462-9011";"1873-6416";"2308; 3305";6,40567375886525;1,91596123536902
"Environmental Science andamp; Policy";"OK";"Environmental Research Letters";"1748-9326";"-";"2105; 2300; 2739";6,99043784599899;1,79473200856031
"Environmental Science andamp; Technology";"OK";"Environmental Science & Technology";"0013-936X";"1520-5851";"1600; 2304";10,1513346569601;2,04868263462244
"Environmental Science andamp;amp; Policy";"OK";"Environmental Research Letters";"1748-9326";"-";"2105; 2300; 2739";6,99043784599899;1,79473200856031
"Environmental Science andamp;amp;amp;amp;amp;amp; Technology";"OK";"Environmental Science & Technology";"0013-936X";"1520-5851";"1600; 2304";10,1513346569601;2,04868263462244
"Environmental Toxicology and Chemistry";"OK";"Environmental Toxicology and Chemistry";"0730-7268";"1552-8618";"2304; 2307";3,72824631860776;1,08017518051898
"Environments";"OK";"Environments";"0711-6780";"-";"2303; 2308; 3305";0;0
"Environmetrics";"OK";"Environmetrics";"1180-4009";"1099-095X";"2302; 2613";1,64788732394366;1,00154157248644
"EOS, Transactions, American Geophysical Union";"REMOVE";NA;NA;NA;NA;NA;NA
"Epidemiology and Infection";"OK";"Epidemiology and Infection";"0950-2688";"1469-4409";"2713; 2725";3,32356389214537;1,09501542776948
"Estuaries and Coasts";"OK";"Estuaries and Coasts";"1559-2723";"1559-2731";"1104; 1105; 2303";3,19254658385093;1,19940452379958
"Estuarine Coastal and Shelf Science";"REMOVE";NA;NA;NA;NA;NA;NA
"Ethology";"OK";"Ethology";"0179-1613";"1439-0310";"1103; 1105";1,85342019543974;0,869847954284885
"Europe PMC";"REMOVE";NA;NA;NA;NA;NA;NA
"European Journal of Forest Research";"OK";"European Journal of Forest Research";"1612-4669";"1612-4677";"1107; 1110";3,19545454545455;1,23253311712899
"European Journal of Soil Biology";"OK";"European Journal of Soil Biology";"1164-5563";"-";"1109; 1111; 2404";3,37869822485207;1,02748904348049
"European Journal of Wildlife Research";"OK";"European Journal of Wildlife Research";"1612-4642";"-";"1105; 2308; 2309";2,23913043478261;1,00286961191805
"Evolution";"OK";"Evolution; international journal of organic evolution";"0014-3820";"1558-5646";"1100; 1105; 1311";3,52889667250438;1,16309465472801
"Evolution and Human Behavior";"OK";"Evolution and Human Behavior";"1090-5138";"-";"1105; 1201; 3205";4,23595505617978;1,8400428567409
"Evolutionary Anthropology";"OK";"Evolutionary Anthropology";"1060-1538";"1520-6505";"3314";4,42857142857143;1,68031961302333
"Evolutionary Applications";"OK";"Evolutionary Applications";"1752-4563";"1752-4571";"1100; 1105; 1311";5,15800415800416;1,52196665750131
"Evolutionary Ecology";"OK";"Evolutionary Ecology";"0269-7653";"1573-8477";"1105";1,96153846153846;0,786665831427743
"Evolutionary Ecology Research";"OK";"Evolutionary Ecology Research";"1522-0613";"-";"1105";1,11290322580645;0,769218263312212
"FEMS Microbiology Ecology";"OK";"FEMS Microbiology Ecology";"0168-6496";"1574-6941";"2303; 2402; 2404";4,5197934595525;1,00540150393803
"Figshare";"REMOVE";NA;NA;NA;NA;NA;NA
"Fish and Fisheries";"OK";"Fish and Fisheries";"1467-2960";"1467-2979";"1104; 1105; 1910; 2308";7,97757847533632;2,91513039974019
"Fisheries";"OK";"Fisheries";"0363-2415";"1548-8446";"1104; 2309";2,14814814814815;1,08040171972658
"Fisheries Oceanography";"OK";"Fisheries Oceanography";"1054-6006";"1365-2419";"1104; 1910";2,86013986013986;1,28367166321921
"Fisheries Research";"OK";"Fisheries Research";"0165-7836";"-";"1104";2,77349397590361;1,24670086899393
"Fishery Bulletin";"OK";"Fishery Bulletin";"0090-0656";"1937-4518";"1104";1,18478260869565;0,622080043086192
"Fletcher Forum of World Affairs";"REMOVE";NA;NA;NA;NA;NA;NA
"Focaal";"OK";"Focaal";"0920-1297";"1558-5263";"3314";1,06666666666667;1,05634774452252
"Folia Primatologica";"OK";"Folia Primatologica";"0015-5713";"1421-9980";"1103; 1105";1,17307692307692;0,681921044322977
"Food and Agriculture Organization of the United Nations";"REMOVE";NA;NA;NA;NA;NA;NA
"Food Policy";"OK";"Food Policy";"0306-9192";"-";"1106; 2002; 2308; 3303; 3312";6,5679012345679;2,3641349828438
"Forest Ecology and Management";"OK";"Forest Ecology and Management";"0378-1127";"-";"1107; 2308; 2309";4,29286422200198;1,50408900761834
"Forest Ecosystems";"OK";"Forest Ecosystems";"2095-6355";"2197-5620";"1105; 1107; 2303; 2309";4,40909090909091;1,56001736482376
"Forest Policy and Economics";"OK";"Forest Policy and Economics";"1389-9341";"-";"1107; 2002; 2308; 3312";3,87647058823529;1,49339704795749
"Forest Science";"OK";"Forest Science";"0015-749X";"1938-3738";"1107; 2302; 2303";1,63084112149533;0,932711100797697
"Forests";"OK";"Forests";"1999-4907";"-";"1107";3,1147842056933;1,13045083327846
"Formal Ontology in Information Systems";"REMOVE";NA;NA;NA;NA;NA;NA
"Fossil Record";"OK";"Fossil Record";"2193-0066";"2193-0074";"1911";2,04;0,978313740299506
"Fractals-Complex Geometry Patterns and Scaling in Nature and Society";"REMOVE";NA;NA;NA;NA;NA;NA
"Freshwater Biology";"OK";"Freshwater Biology";"0046-5070";"1365-2427";"1104";4,05387931034483;1,39438936907493
"Freshwater Science";"OK";"Freshwater Science";"2161-9549";"2161-9565";"1104; 1105; 2303";2,31308411214953;0,82878850267287
"Frontiers in Conservation Science";"REMOVE";NA;NA;NA;NA;NA;NA
"Frontiers in Ecology and Evolution";"OK";"Frontiers in Ecology and Evolution";"-";"2296-701X";"1105; 2303";4,04811898512686;1,343648174429
"Frontiers In Ecology and Evolution";"OK";"Frontiers in Ecology and Evolution";"-";"2296-701X";"1105; 2303";4,04811898512686;1,343648174429
"Frontiers in Ecology and the Environment";"OK";"Frontiers in Ecology and the Environment";"1540-9295";"1540-9309";"1105; 2303";10,1063829787234;3,00487273376198
"Frontiers in Environmental Science";"OK";"Frontiers in Environmental Science";"-";"2296-665X";"2300";5,29679595278246;1,47568698206309
"Frontiers in Marine Science";"OK";"Frontiers in Marine Science";"-";"2296-7745";"1104; 1910; 2212; 2301; 2306; 2312";4,84608619173263;1,43494048859691
"Frontiers in Sustainable Food Systems";"OK";"Frontiers in Sustainable Food Systems";"-";"2571-581X";"1102; 1106; 1108; 2303; 2306; 2308";4,85504201680672;1,31054077242409
"Frontiers in Veternary Science";"REMOVE";NA;NA;NA;NA;NA;NA
"Frontiers of Biogeography";"OK";"Frontiers of Biogeography";"-";"1948-6596";"1105; 2303; 2306";2,203125;0,61014315506037
"Functional Ecology";"OK";"Functional Ecology";"0269-8463";"1365-2435";"1105";6,08895705521472;1,89471558303249
"Future Generation Computer Systems";"OK";"Future Generation Computer Systems";"0167-739X";"-";"1705; 1708; 1712";7,95674518201285;2,69851268912508
"Genetics";"OK";"Genetics";"0016-6731";"1943-2631";"1311";4,38754764930114;1,23805455276413
"Geoderma";"OK";"Geoderma";"0016-7061";"1872-6259";"1111";7,17166042446941;2,04830749678667
"Geographical Research";"OK";"Geographical Research";"1745-5863";"1745-5871";"1904; 3305";2,08695652173913;1,1951688353951
"Geological Society of America Bulletin";"REMOVE";NA;NA;NA;NA;NA;NA
"Geology";"OK";"Geology";"0091-7613";"1943-2682";"1907";5,34861278648975;1,66317377196982
"Geomorphology";"OK";"Geomorphology";"0169-555X";"1872-695X";"1904";4,45762711864407;1,50366849433224
"Geophysical Research Letters";"OK";"Geophysical Research Letters";"0094-8276";"1944-8007";"1900; 1908";5,26022948690193;1,52365897466773
"George Wright Forum";"REMOVE";NA;NA;NA;NA;NA;NA
"Glob Chang Biol";"OK";"Global Change Biology";"1354-1013";"1365-2486";"2300; 2303; 2304; 2306";11,7117601844735;3,0320242618345
"Global Biogeochemical Cycles";"OK";"Global Biogeochemical Cycles";"0886-6236";"1944-9224";"1902; 2300; 2304; 2306";6,15047021943574;1,58395552764477
"Global Change Biology";"OK";"Global Change Biology";"1354-1013";"1365-2486";"2300; 2303; 2304; 2306";11,7117601844735;3,0320242618345
"Global Ecology and Biogeography";"OK";"Global Change Biology";"1354-1013";"1365-2486";"2300; 2303; 2304; 2306";11,7117601844735;3,0320242618345
"Global Ecology and Biogeography Letters";"OK";"Global Change Biology";"1354-1013";"1365-2486";"2300; 2303; 2304; 2306";11,7117601844735;3,0320242618345
"Global Environmental Change";"OK";"Global Environmental Change";"0959-3780";"1872-9495";"2303; 2306; 2308; 3305";10,9171270718232;3,08031746229655
"Global Environmental Change-Human and Policy Dimensions";"OK";"Global Environmental Change";"0959-3780";"1872-9495";"2303; 2306; 2308; 3305";10,9171270718232;3,08031746229655
"Global Environmental Research";"REMOVE";NA;NA;NA;NA;NA;NA
"Global Planetary Change";"REMOVE";NA;NA;NA;NA;NA;NA
"Global Sustainability";"OK";"Global Sustainability";"-";"2059-4798";"2306; 2308";6,11290322580645;1,72707481459889
"GSA Today";"OK";"GSA Today";"1052-5173";"-";"1907";3,56410256410256;1,65710302220591
"GSA Today (Special Issue on Geoinformatics)";"REMOVE";"GSA Today";NA;NA;NA;NA;NA
"Guide to Ecology";"REMOVE";NA;NA;NA;NA;NA;NA
"Gund White Paper";"REMOVE";NA;NA;NA;NA;NA;NA
"Hacquetia";"OK";"Hacquetia";"1581-4661";"1854-9829";"1105; 1107; 1110";1,86792452830189;1,29624082028989
"Harmful Algae";"OK";"Harmful Algae";"1568-9883";"1878-1470";"1104; 1110";5,33060109289617;1,52741669414524
"Heredity";"OK";"Heredity";"0018-067X";"1365-2540";"1311; 2716";3,909375;1,21700011852978
"Holocene";"OK";"Holocene";"0959-6836";"1477-0911";"1204; 1904; 1911; 2303; 2306";2,87358916478555;1,0893758435045
"Human and Ecological Risk Assessment";"REMOVE";NA;NA;NA;NA;NA;NA
"Human Ecology";"OK";"Human Ecology";"0300-7839";"1572-9915";"1201; 2301; 2303; 3312; 3314";2,46534653465347;1,05034207210461
"Human Nature-An Interdisciplinary Biosocial Perspective";"REMOVE";NA;NA;NA;NA;NA;NA
"Hydrobiologia";"OK";"Hydrobiologia";"0018-8158";"1573-5117";"1104";2,86813186813187;1,10989037354023
"Hydrological Processes";"OK";"Hydrological Processes";"0885-6087";"1099-1085";"2312";3,59931506849315;1,09309057569427
"Ibis";"OK";"Ibis";"0019-1019";"1474-919X";"1103; 1105";2,33962264150943;1,09291696180167
"Ices Journal of Marine Science";"OK";"ICES Journal of Marine Science";"1054-3139";"1095-9289";"1104; 1105; 1910; 2303";3,33719247467439;1,20793232914279
"ICES Journal of Marine Science";"OK";"ICES Journal of Marine Science";"1054-3139";"1095-9289";"1104; 1105; 1910; 2303";3,33719247467439;1,20793232914279
"Ideas in Ecology and Evolution";"REMOVE";NA;NA;NA;NA;NA;NA
"IEEE Data Engineering Bulletin";"REMOVE";NA;NA;NA;NA;NA;NA
"IEEE Internet Computing";"OK";"IEEE Internet Computing";"1089-7801";"1941-0131";"1705";2,92063492063492;1,3886410668128
"IEEE Transactions on Visualization and Computer Graphics";"OK";"IEEE Transactions on Visualization and Computer Graphics";"1077-2626";"1941-0506";"1704; 1707; 1711; 1712";4,91626794258373;2,43065812095509
"IEEE Workshop on Development and Application of Knowledge Based Software Engineering Tools (Kaset) 2007";"REMOVE";NA;NA;NA;NA;NA;NA
"IEMSS Summit on Environmental Modelling";"REMOVE";NA;NA;NA;NA;NA;NA
"Imprint";"REMOVE";NA;NA;NA;NA;NA;NA
"Informatics";"OK";"Informatics";"-";"2227-9709";"1705; 1709; 3315";2,5503355704698;1,15535146723947
"Information Visualization";"OK";"Information Visualization";"1473-8716";"1473-8724";"1707";2,25862068965517;1,46490150139084
"Inland Waters";"OK";"Inland Waters";"2044-2041";"2044-205X";"1104; 2312";2,62686567164179;0,922880025607577
"Insect Conservation and Diversity";"OK";"Insect Conservation and Diversity";"1752-458X";"1752-4598";"1105; 1109";4,27564102564103;1,39793906085423
"Integrative and Comparative Biology";"OK";"Integrative and Comparative Biology";"1540-7063";"1557-7023";"1103; 1110";3,16129032258065;0,99528091510067
"Integrative Biology-Issues, News and Reviews";"OK";"Integrative Biology (United Kingdom)";"1757-9694";"1757-9708";"2700";2,33333333333333;0,676967503971137
"Inter-American Tropical Tuna Commission Bulletin";"REMOVE";NA;NA;NA;NA;NA;NA
"Interciencia";"OK";"Interciencia";"0378-1844";"2244-7776";"1000";0,442446043165468;0,36577132089614
"International Conference on Asian Digital Libraries 2005";"REMOVE";NA;NA;NA;NA;NA;NA
"International Conference on Data Engineering (ICDE)";"REMOVE";NA;NA;NA;NA;NA;NA
"International Conference on Database Theory (ICDT)";"REMOVE";NA;NA;NA;NA;NA;NA
"International Conference on Extending Database Technology (EDBT)";"REMOVE";NA;NA;NA;NA;NA;NA
"International Environmental Agreements: Politics, Law and Economics";"REMOVE";NA;NA;NA;NA;NA;NA
"International Journal for Parasitology";"OK";"International Journal for Parasitology";"0020-7519";"1879-0135";"2405; 2725";4,06811145510836;1,31600000095556
"International Journal of Approximate Reasoning";"OK";"International Journal of Approximate Reasoning";"0888-613X";"1873-4731";"1702; 1712; 2604; 2614";3,95486935866983;1,7148610719525
"International Journal of Climatology";"OK";"International Journal of Climatology";"0899-8418";"1097-0088";"1902";4,22755417956656;1,29639007003217
"International Journal of Environmental Research and Public Health";"OK";"International Journal of Environmental Research and Public Health";"1661-7827";"1660-4601";"2307; 2310; 2739";4,45580589254766;1,44004002464805
"International Journal of Metadata, Semantics and Ontologies";"REMOVE";NA;NA;NA;NA;NA;NA
"International Journal of Offender Therapy and Comparative Criminology";"OK";"International Journal of Offender Therapy and Comparative Criminology";"0306-624X";"1552-6933";"1201; 2734; 3202";1,91350210970464;1,11985922596227
"International Journal of Parasitology";"REMOVE";NA;NA;NA;NA;NA;NA
"International Journal of Plant Sciences";"OK";"International Journal of Plant Sciences";"1058-5893";"1537-5315";"1105; 1110";2,54871794871795;1,10451464239484
"International Journal of Urban Sustainable Development";"OK";"International Journal of Urban Sustainable Development";"1946-3138";"1946-3146";"2308; 3303; 3305; 3322";2,46376811594203;0,976757892729531
"International Journal of Wildland Fire";"OK";"International Journal of Wildland Fire";"1049-8001";"1448-5516";"1107; 2303";3,36862745098039;1,12797641928662
"IOP Science";"REMOVE";NA;NA;NA;NA;NA;NA
"ISME J";"OK";"ISME Journal";"1751-7362";"1751-7370";"1105; 2404";11,6265060240964;2,6206921030144
"ISPRS Journal of Photogrammetry and Remote Sensing";"OK";"ISPRS Journal of Photogrammetry and Remote Sensing";"0924-2716";"-";"1706; 1903; 2201; 3107";10,7590529247911;2,92718120301489
"Israel Journal of Ecology and Evolution";"OK";"Israel Journal of Ecology and Evolution";"1565-9801";"2224-4662";"1103; 1105";1,17142857142857;0,694128470820616
"Issues in Ecology";"REMOVE";NA;NA;NA;NA;NA;NA
"Issues in Science and Technology";"OK";"Issues in Science and Technology";"0748-5492";"-";"1000";1;0,366559485530547
"Journal for Nature Conservation";"OK";"Journal for Nature Conservation";"1617-1381";"-";"2303; 2309";2,98901098901099;1,11234573146753
"Journal of Animal Ecology";"OK";"Journal of Animal Ecology";"0021-8790";"1365-2656";"1103; 1105";5,18345323741007;1,77379678811642
"Journal of Applied Ecology";"OK";"Journal of Applied Ecology";"0021-8901";"1365-2664";"2303";6,6234309623431;2,12018266283734
"Journal of Applied Meteorology";"REMOVE";NA;NA;NA;NA;NA;NA
"Journal of Arid Environments";"OK";"Journal of Arid Environments";"0140-1963";"1095-922X";"1105; 1904; 2303";2,80614657210402;1,00332105586251
"Journal of Avian Biology";"OK";"Journal of Avian Biology";"0908-8857";"1600-048X";"1103; 1105";2,21305841924399;0,926099097267544
"Journal of Biogeography";"OK";"Journal of Biogeography";"0305-0270";"1365-2699";"1105; 2303";4,76840490797546;1,52237801522817
"Journal of Biomedical Semantics";"OK";"Journal of Biomedical Semantics";"-";"2041-1480";"1705; 1706; 1710; 2718";2,83076923076923;1,52138038657636
"Journal of Climate";"OK";"Journal of Climate";"0894-8755";"1520-0442";"1902";5,24116161616162;1,52113115643081
"Journal of Ecological Engineering";"OK";"Journal of Ecological Engineering";"2081-139X";"2299-8993";"1102; 1105; 2300; 2301; 2303; 2305";1,38106796116505;0,66347386131218
"Journal of Ecology";"OK";"Journal of Ecology";"0022-0477";"1365-2745";"1105; 1110; 2303";6,68421052631579;2,14985741877308
"Journal of Economic Entomology";"OK";"Journal of Economic Entomology";"0022-0493";"1938-291X";"1109; 2303";2,38301716350497;1,05844511933442
"Journal of Environmental Management";"OK";"Journal of Environmental Management";"0301-4797";"1095-8630";"2305; 2308; 2311";8,31397247492419;1,90703238665959
"Journal of Evolutionary Biology";"OK";"Journal of Evolutionary Biology";"1010-061X";"1420-9101";"1105";2,41269841269841;0,84248100024531
"Journal of Experimental Biology";"OK";"Journal of Experimental Biology";"0022-0949";"1477-9145";"2700";3,47272727272727;1,23722502752783
"Journal of Experimental Marine Biology and Ecology";"OK";"Journal of Experimental Marine Biology and Ecology";"0022-0981";"-";"1104; 1105";2,28316326530612;0,84508411900765
"Journal of Fish and Wildlife Management";"OK";"Journal of Fish and Wildlife Management";"1944-687X";"-";"1103; 1105; 2303; 2309";1,01162790697674;0,627148403780184
"Journal of Fish Biology";"OK";"Journal of Fish Biology";"0022-1112";"1095-8649";"1104; 1105";2,14891179839633;0,920311319477388
"Journal of Geology";"OK";"Journal of Geology";"0022-1376";"1537-5269";"1907";2,32258064516129;0,860217783861224
"Journal of Geophysical Research";"OK";"Journal of Geophysical Research";"0148-0227";"2156-2202";"1901; 1906; 1908; 1912";4,69894736842105;1,87489205820786
"Journal of Geophysical Research: Biogeosciences";"OK";"Journal of Geophysical Research";"0148-0227";"2156-2202";"1901; 1906; 1908; 1912";4,69894736842105;1,87489205820786
"Journal of Hydrologic Engineering";"REMOVE";NA;NA;NA;NA;NA;NA
"Journal of Intelligent Information Systems";"OK";"Journal of Intelligent Information Systems";"0925-9902";"1573-7675";"1702; 1705; 1708; 1710; 1712";2,75496688741722;1,68124287067748
"Journal of Island and Coastal Archeaology";"REMOVE";NA;NA;NA;NA;NA;NA
"Journal of Land, Resources, and Environmental Law";"REMOVE";NA;NA;NA;NA;NA;NA
"Journal of Mammalogy";"OK";"Journal of Mammalogy";"0022-2372";"1545-1542";"1103; 1105; 1311; 2303; 2309";2,79205607476636;1,36857832165379
"Journal of Mathematical Biology";"OK";"Journal of Mathematical Biology";"0303-6812";"1432-1416";"1101; 2604; 2611";2,38557213930348;1,29145392365945
"Journal of Medical Entomology";"OK";"Journal of Medical Entomology";"0022-2585";"1938-2928";"1109; 2405; 2725; 3400";2,33606557377049;1,00631865386613
"Journal of Molluscan Studies";"OK";"Journal of Molluscan Studies";"0260-1230";"1464-3766";"1103; 1104";1,56;0,762273919791786
"Journal of Paleolimnology";"OK";"Journal of Paleolimnology";"0921-2728";"1573-0417";"1104; 1904";2,32298136645963;0,86569076427209
"Journal of Paleontology";"OK";"Journal of Paleontology";"0022-3360";"1937-2337";"1911";1,70564516129032;0,817365045890528
"Journal of Parasitology";"OK";"Journal of Parasitology";"0022-3395";"1937-2345";"1105; 2405";1,43225806451613;0,762964889232372
"Journal of Plankton Research";"OK";"Journal of Plankton Research";"0142-7873";"1464-3774";"1104; 1105; 2303";2,59562841530055;0,962981619227252
"Journal of Plant Ecology";"OK";"Journal of Plant Ecology";"1752-9921";"1752-993X";"1105; 1110; 2303";2,09126984126984;0,782748358926872
"Journal of Plant Physiology";"OK";"Journal of Plant Physiology";"0176-1617";"1618-1328";"1102; 1110; 1314";4,1600790513834;1,18385829511304
"Journal of Resources, Energy, and Development";"REMOVE";NA;NA;NA;NA;NA;NA
"Journal of Shellfish Research";"OK";"Journal of Shellfish Research";"0730-8000";"1943-6319";"1104";1,38738738738739;0,706145619286565
"Journal of Socio-Economics";"REMOVE";NA;NA;NA;NA;NA;NA
"Journal of Soil and Water Conservation";"REMOVE";NA;NA;NA;NA;NA;NA
"Journal of Soils and Sediments";"OK";"Journal of Soils and Sediments";"1439-0108";"1614-7480";"1904; 1913";3,72437810945274;1,092118473798
"Journal of Statistical Software";"OK";"Journal of Statistical Software";"1548-7660";"-";"1712; 1804; 2613";7,23711340206186;4,01841838123969
"Journal of Sustainable Tourism";"OK";"Journal of Sustainable Tourism";"0966-9582";"1747-7646";"1409; 3305";9,78454332552693;2,80137623991691
"Journal of the American Statistical Association";"OK";"Journal of the American Statistical Association";"0162-1459";"1537-274X";"1804; 2613";5,02173913043478;3,78609810038641
"Journal of the American Water Resources Association";"OK";"Journal of the American Water Resources Association";"1093-474X";"1752-1688";"1904; 2303; 2312";2,79835390946502;0,93830996340535
"Journal of the Geological Society";"OK";"Journal of the Geological Society";"0016-7649";"2041-479X";"1907";2,98461538461538;1,0186507626335
"Journal of the North American Benthological Society";"REMOVE";NA;NA;NA;NA;NA;NA
"Journal of the Royal Society Interface";"OK";"Journal of the Royal Society Interface";"1742-5689";"1742-5662";"1303; 1304; 1305; 1502; 2204; 2502";4,59520958083832;1,56164730897056
"Journal of the Royal Statistical Society Series C-Applied Statistics";"OK";"Journal of the Royal Statistical Society. Series C: Applied Statistics";"0035-9254";"1467-9876";"1804; 2613";2;1,2935358711414
"Journal of the Torrey Botanical Society";"OK";"Journal of the Torrey Botanical Society";"1095-5674";"-";"1105; 1110; 2303";0,615384615384615;0,362452810423401
"Journal of Theoretical Biology";"OK";"Journal of Theoretical Biology";"0022-5193";"1095-8541";"1100; 1300; 2400; 2604; 2611; 2613";2,32125367286974;0,808601960500646
"Journal of Tropical Ecology";"OK";"Journal of Tropical Ecology";"0266-4674";"1469-7831";"1105";1,61111111111111;0,665599685990587
"Journal of Tropical Forest Science";"OK";"Journal of Tropical Forest Science";"0128-1283";"-";"1107";1,11320754716981;0,671468447857107
"Journal of Usability Studies";"REMOVE";NA;NA;NA;NA;NA;NA
"Journal of Vegetation Science";"OK";"Journal of Vegetation Science";"1100-9233";"1654-1103";"1110; 2303";3,33656957928803;1,23430297878256
"Journal of Web Semantics";"REMOVE";NA;NA;NA;NA;NA;NA
"Journal of Wildlife Management";"OK";"Journal of Wildlife Management";"0022-541X";"1937-2817";"1105; 2303; 2309";2,45707656612529;1,16219095009683
"Journal of Wuhan Botanical Research";"REMOVE";NA;NA;NA;NA;NA;NA
"Journal of Zoology";"OK";"Journal of Zoology";"0952-8369";"1469-7998";"1103; 1105";2,21428571428571;1,00365863263556
"Land Use Policy";"OK";"Land Use Policy";"0264-8377";"-";"1107; 2308; 2309; 3305";6,36701570680628;2,00822806649834
"Landscape and Urban Planning";"OK";"Landscape and Urban Planning";"0169-2046";"-";"2303; 2308; 2309; 3322";8,44197138314785;2,45430710364534
"Landscape Ecology";"OK";"Landscape Ecology";"0921-2973";"1572-9761";"2303; 2309; 3305";4,52894211576846;1,35563320111593
"Lecture Notes in Computer Science";"OK";"Lecture Notes in Computer Science";"0302-9743";"1611-3349";"1700; 2614";1,01175863348227;0,533980582241217
"Les Cahiers d'Outre-Mer";"REMOVE";NA;NA;NA;NA;NA;NA
"Life";"OK";"Life";"-";"2075-1729";"1105; 1300; 1911; 1912";2,9901185770751;0,769348668727991
"Limnology";"OK";"Limnology";"1439-8621";"1439-863X";"1104; 2303; 2312";1,96396396396396;0,951647204718718
"Limnology and Oceanography";"OK";"Limnology and Oceanography";"0024-3590";"1939-5590";"1104; 1910";4,93188854489164;1,52392373088996
"LNCS-International Conference on Computational Science and Applications (ICCSA)";"REMOVE";NA;NA;NA;NA;NA;NA
"Location Science";"REMOVE";NA;NA;NA;NA;NA;NA
"Logic Journal of the IGPL";"OK";"Logic Journal of the IGPL";"1367-0751";"1368-9894";"2609";1,16666666666667;1,19580935205037
"LTER Network News";"REMOVE";NA;NA;NA;NA;NA;NA
"Malaria Journal";"OK";"Malaria Journal";"1475-2875";"-";"2405; 2725";3,44873699851412;1,27710497871513
"Mammal Review";"OK";"Mammal Review";"0305-1838";"1365-2907";"1101; 1103; 1105";4,93478260869565;2,10544958986977
"Marine and Coastal Fisheries-Dynamics, Management, and Ecosystem Science";"OK";"Marine and Coastal Fisheries";"-";"1942-5120";"1104; 1105";2,1588785046729;0,9526389723264
"Marine Biology";"OK";"Marine Biology";"0025-3162";"1432-1793";"1104; 1105; 2303";2,71647509578544;1,00599453489321
"Marine Ecology Progress Series";"OK";"Marine Ecology - Progress Series";"0171-8630";"1616-1599";"1104; 1105; 2303";2,75389948006932;0,913227457638048
"Marine Ecosystems and Management";"REMOVE";NA;NA;NA;NA;NA;NA
"Marine Policy";"OK";"Marine Policy";"0308-597X";"-";"1104; 2002; 2300; 2308; 3308";4,43455945252352;1,58191369744996
"Marine Pollution Bulletin";"OK";"Marine Pollution Bulletin";"0025-326X";"1879-3363";"1104; 1910; 2310";6,85272184936614;1,5170773950193
"Maritime Engineering Journal";"REMOVE";NA;NA;NA;NA;NA;NA
"MastozoologÃa Neotropical";"REMOVE";NA;NA;NA;NA;NA;NA
"mBio";"OK";"mBio";"2161-2129";"2150-7511";"2404; 2406";7,73678290213723;1,74233841670228
"Mcgraw-Hill Encyclopedia of Science and Technology";"REMOVE";NA;NA;NA;NA;NA;NA
"Methods in Ecology and Evolution";"OK";"Methods in Ecology and Evolution";"2041-210X";"-";"1105; 2302";8,82352941176471;3,01475034731878
"Microbes and Infection";"OK";"Microbes and Infection";"1286-4579";"1769-714X";"2403; 2404; 2725";6,52356020942408;1,45185538138175
"Mitigation and Adaptation Strategies for Global Change";"OK";"Mitigation and Adaptation Strategies for Global Change";"1381-2386";"1573-1596";"2303; 2306";3,58793969849246;1,10854679905974
"Molecular Ecology";"OK";"Molecular Ecology";"0962-1083";"1365-294X";"1105; 1311";5,9321223709369;1,61536443385974
"Molecular Ecology Resources";"OK";"Molecular Ecology Resources";"1755-098X";"1755-0998";"1105; 1305; 1311";8,34020618556701;2,59833903758606
"Molecular Phylogenetics and Evolution";"OK";"Molecular Phylogenetics and Evolution";"1055-7903";"1095-9513";"1105; 1311; 1312";4,70514285714286;1,96850194316741
"Movement Ecology";"OK";"Movement Ecology";"-";"2051-3933";"1105";4,59459459459459;1,65056314369828
"Msphere";"OK";"mSphere";"-";"2379-5042";"1312; 2404";4,46780684104628;1,08163826745238
"Nat Genet";"OK";"Nature Genetics";"1061-4036";"1546-1718";"1311";35,3162393162393;7,50955311149221
"Natural Areas Journal";"OK";"Natural Areas Journal";"0885-8608";"-";"2303; 2309";0,796296296296296;0,360196438502541
"Natural Hazards Review";"OK";"Natural Hazards Review";"1527-6988";"1527-6996";"2205; 2300; 3300";3,66666666666667;1,5372916996698
"Natural Resources Forum";"OK";"Natural Resources Forum";"0165-0203";"1477-8947";"2300";2,89830508474576;1,00947477452124
"Nature";"OK";"Nature";"0028-0836";"1476-4687";"1000";52,3635170603675;11,3420785367819
"Nature (Science Update)";"OK";"Nature";"0028-0836";"1476-4687";"1000";52,3635170603675;11,3420785367819
"Nature Clim. Change";"OK";"Nature Climate Change";"1758-678X";"1758-6798";"2301; 3301";21,5430809399478;5,66998297087359
"Nature Climate Change";"OK";"Nature Climate Change";"1758-678X";"1758-6798";"2301; 3301";21,5430809399478;5,66998297087359
"Nature Communications";"OK";"Nature Communications";"2041-1723";"-";"1300; 1600; 3100";16,2263933531445;3,34116916003264
"Nature Conservation";"OK";"Nature Conservation";"1314-6947";"1314-3301";"2309";2,37068965517241;0,903999186825198
"Nature Ecology and Evolution";"OK";"Nature Ecology and Evolution";"-";"2397-334X";"1105; 2303";14,5922165820643;3,94930911622488
"Nature Ecology andamp; Evolution";"OK";"Nature Ecology and Evolution";"-";"2397-334X";"1105; 2303";14,5922165820643;3,94930911622488
"Nature Ecology andamp;amp; Evolution";"OK";"Nature Ecology and Evolution";"-";"2397-334X";"1105; 2303";14,5922165820643;3,94930911622488
"Nature Food";"OK";"Nature Food";"-";"2662-1355";"NULL";11,5697674418605;2,73658896401247
"Nature Geoscience";"OK";"Nature Geoscience";"1752-0894";"1752-0908";"1900";17,1108597285068;4,61993068948264
"Nature Machine Intelligence";"OK";"Nature Machine Intelligence";"-";"2522-5839";"1702; 1705; 1707; 1709; 1712";17,037037037037;6,96244200718087
"Nature Physics";"OK";"Nature Physics";"1745-2473";"1745-2481";"3100";17,599128540305;4,68337244116965
"Nature Reviews Microbiology";"OK";"Nature Reviews Microbiology";"1740-1526";"1740-1534";"2400; 2404; 2725";34,1012658227848;7,712118019941
"Nature Sustainability";"OK";"Nature Sustainability";"-";"2398-9629";"1106; 2105; 2303; 2306; 2308; 2309; 3305; 3322";21,5239436619718;5,4151579430068
"Neobiota";"OK";"NeoBiota";"1619-0033";"1314-2488";"1103; 1104; 1105; 1109; 1110; 2302; 2303";4,1125;1,414706101684
"NeoBiota";"OK";"NeoBiota";"1619-0033";"1314-2488";"1103; 1104; 1105; 1109; 1110; 2302; 2303";4,1125;1,414706101684
"Neues Jahrbuch fur Geologie und Palaontologie-Abhandlungen";"REMOVE";NA;NA;NA;NA;NA;NA
"Neues Jahrbuch fur Geologie und Palaontologie-Monatshefte";"REMOVE";NA;NA;NA;NA;NA;NA
"New Phytologist";"OK";"New Phytologist";"0028-646X";"1469-8137";"1110; 1314";10,2557297949337;2,68021708002276
"New Taxonomy";"REMOVE";NA;NA;NA;NA;NA;NA
"New Zealand Journal of Forestry Science";"OK";"New Zealand Journal of Forestry Science";"0048-0134";"1179-5395";"1107; 1110; 1500; 2303";1,56521739130435;0,979473287278767
"Ocean andamp; Coastal Management";"OK";"Coastal Management";"0892-0753";"1521-0421";"2300; 2304";2,97979797979798;1,14268692870263
"Ocean andamp;amp; Coastal Management";"OK";"Coastal Management";"0892-0753";"1521-0421";"2300; 2304";2,97979797979798;1,14268692870263
"Oceanography";"OK";"Oceanography";"1042-8275";"-";"1910";3,0421686746988;0,951848634155093
"Oceanography and Marine Biology";"OK";"Oceanography and Marine Biology";"0078-3218";"-";"1104; 1910";4,11111111111111;1,3819339294147
"Oecologia";"OK";"Oecologia";"0029-8549";"1432-1939";"1105";3,21483375959079;1,14012719004358
"Oikos";"OK";"Oikos";"0030-1299";"1600-0706";"1105";4,01898734177215;1,39127335903073
"Old Fields";"REMOVE";NA;NA;NA;NA;NA;NA
"OMICS-A Journal of Integrative Biology";"OK";"OMICS A Journal of Integrative Biology";"1536-2310";"1557-8100";"1303; 1305; 1311; 1312; 1313";3,6974358974359;0,770717965691491
"One Earth";"OK";"One Earth";"2590-3330";"2590-3322";"1901; 2300";7,81052631578947;2,28188191444523
"Open Ecology Journal";"OK";"Open Ecology Journal";"1874-2130";"-";"2300";1,09090909090909;0,917870361131959
"Optimization Methods and Software";"OK";"Optimization Methods and Software";"1055-6788";"1029-4937";"1712; 2604; 2606";1,87295081967213;1,28930335263017
"Organic Agriculture";"OK";"Organic Agriculture";"1879-4238";"1879-4246";"1100";2,3953488372093;1,30557631025728
"Pacific Conservation Biology";"OK";"Pacific Conservation Biology";"1038-2097";"2204-4604";"2303; 2309";1,368;0,613234598871753
"Palaeogeography Palaeoclimatology Palaeoecology";"REMOVE";"Palaeogeography Palaeoclimatology Palaeoecology";NA;NA;NA;NA;NA
"Palaeontologia Electronica";"OK";"Palaeontologia Electronica";"1935-3952";"1094-8074";"1910";1,70165745856354;0,787985492778274
"Palaeontology";"OK";"Palaeontology";"0031-0239";"1475-4983";"1105; 1911";3,67251461988304;1,46922106037526
"Palaios";"OK";"Palaios";"0883-1351";"1938-5323";"1105; 1911";1,96969696969697;0,822844752485222
"Paleobiology";"OK";"Paleobiology";"0094-8373";"1938-5331";"1100; 1105; 1911; 2303";2,72072072072072;1,05539397816885
"Papers and Proceedings of the 1998 Global Biodiversity Forum, Buenos Aires, Brazil";"REMOVE";NA;NA;NA;NA;NA;NA
"Papers in Regional Science";"OK";"Papers in Regional Science";"1056-8190";"1435-5957";"2301; 3305";2,78294573643411;1,42306346798205
"Parks";"OK";"Parks";"0960-233X";"2411-2119";"2309";2,32786885245902;0,87163692189074
"Pedobiologia";"OK";"Pedobiologia";"0031-4056";"1873-1511";"1105; 1111";2,375;0,888932771546097
"Pedosphere";"OK";"Pedosphere";"1002-0160";"-";"1111";5,36283185840708;1,62304570545694
"Peerj";"OK";"PeerJ";"2167-8359";"-";"1100; 1300; 2800";3,2197906755471;1,0736389306964
"PeerJ";"OK";"PeerJ";"2167-8359";"-";"1100; 1300; 2800";3,2197906755471;1,0736389306964
"People and Nature";"OK";"People and Nature";"-";"2575-8314";"NULL";6,09448818897638;2,36387204132485
"Permafrost and Periglacial Processes";"OK";"Permafrost and Periglacial Processes";"1045-6740";"1099-1530";"1904";4,57142857142857;1,23370454095064
"Perspectives in Plant Ecology Evolution and Systematics";"REMOVE";"Perspectives in Plant Ecology Evolution and Systematics";NA;NA;NA;NA;NA
"Pest Management Science";"OK";"Pest Management Science";"1526-498X";"1526-4998";"1102; 1109";4,90988626421697;1,6821598976086
"Philosophical Transactions of the Royal Society A: Mathematical, Physical and Engineering Sciences";"OK";"Philosophical transactions. Series A, Mathematical, physical, and engineering sciences";"1364-503X";"1471-2962";"2200; 2600; 3100";3,989443378119;1,43988871965353
"Philosophical Transactions of the Royal Society B-Biological Sciences";"OK";"Philosophical Transactions of the Royal Society B: Biological Sciences";"0962-8436";"1471-2970";"1100; 1300";6,3304;1,83610643170512
"Philosophical Transactions of the Royal Society B: Biological Sciences";"OK";"Philosophical Transactions of the Royal Society B: Biological Sciences";"0962-8436";"1471-2970";"1100; 1300";6,3304;1,83610643170512
"Philosophical Transactions of the Royal Society of London B: Biological Sciences";"OK";"Philosophical Transactions of the Royal Society B: Biological Sciences";"0962-8436";"1471-2970";"1100; 1300";6,3304;1,83610643170512
"Physica A-Statistical Mechanics and Its Applications";"OK";"Physica A: Statistical Mechanics and its Applications";"0378-4371";"-";"2613; 3104";3,58255033557047;1,20767825600341
"Physica D-Nonlinear Phenomena";"OK";"Physica D: Nonlinear Phenomena";"0167-2789";"-";"2604; 2610; 3104; 3109";3,12100456621005;1,45635404639287
"PhytoKeys";"OK";"PhytoKeys";"1314-2011";"1314-2003";"1105; 1110";1,32340425531915;1,21380383137417
"Phytopathology";"OK";"Phytopathology";"0031-949X";"1943-7684";"1102; 1110";3,97703180212014;1,5176948532246
"Places";"REMOVE";NA;NA;NA;NA;NA;NA
"Planertary Health";"REMOVE";NA;NA;NA;NA;NA;NA
"Plant and Soil";"OK";"Plant and Soil";"0032-079X";"1573-5036";"1110; 1111";4,76256077795786;1,38840382200586
"Plant Biology";"OK";"Plant Biology";"1435-8603";"1438-8677";"1105; 1110";3,54807692307692;1,16347092465171
"Plant Cell and Environment";"REMOVE";"Plant Cell and Environment";NA;NA;NA;NA;NA
"Plant Disease";"OK";"Plant Disease";"0191-2917";"1943-7692";"1102; 1110";2,67909238249595;1,23390934219716
"Plant Ecology";"OK";"Plant Ecology";"1385-0237";"1573-5052";"1110; 2303";2,02640264026403;0,768437944901767
"Plant Genetic Resources: Characterization and Utilization";"OK";"Plant Genetic Resources: Characterisation and Utilisation";"1479-2621";"1479-263X";"1102; 1110; 1311";1,24064171122995;0,617488126912406
"Plants";"OK";"Plants";"-";"2223-7747";"1105; 1110; 2303";4,56086781840096;1,34700740096993
"PLoS Biol";"OK";"PLoS Biology";"1544-9173";"1545-7885";"1100; 1300; 2400; 2800";9,25673400673401;2,52460910207727
"PLoS Biology";"OK";"PLoS Biology";"1544-9173";"1545-7885";"1100; 1300; 2400; 2800";9,25673400673401;2,52460910207727
"PLOS Biology";"OK";"PLoS Biology";"1544-9173";"1545-7885";"1100; 1300; 2400; 2800";9,25673400673401;2,52460910207727
"PLoS Computational Biology";"OK";"PLoS Computational Biology";"1553-734X";"1553-7358";"1105; 1311; 1312; 1703; 2303; 2611; 2804";4,78822314049587;1,47136103357039
"PLoS Medicine";"OK";"PLoS Medicine";"1549-1277";"1549-1676";"2700";10,992277992278;3,64680271868006
"PLOS Neglected Tropical Diseases";"OK";"PLoS Neglected Tropical Diseases";"1935-2727";"1935-2735";"2725; 2739";4,53852561432736;1,63980361258021
"Plos One";"OK";"PLoS ONE";"1932-6203";"-";"1000";3,77839171390124;1,36815715967484
"PLoS ONE";"OK";"PLoS ONE";"1932-6203";"-";"1000";3,77839171390124;1,36815715967484
"PLOS ONE";"OK";"PLoS ONE";"1932-6203";"-";"1000";3,77839171390124;1,36815715967484
"PLoS Pathogens";"OK";"PLoS Pathogens";"1553-7366";"1553-7374";"1311; 1312; 2403; 2404; 2405; 2406";7,22596964586847;1,61805171694738
"PNAS";"OK";"Proceedings of the National Academy of Sciences of the United States of America";"0027-8424";"1091-6490";"1000";11,9418960244648;3,06250660316765
"Population and Environment";"OK";"Population and Environment";"0199-0039";"1573-7810";"2301; 3317";3,83823529411765;1,18819410571539
"Population Ecology";"OK";"Population Ecology";"1438-3896";"1438-390X";"1105";2,47524752475248;1,04676397720214
"Poultry Science";"OK";"Poultry Science";"0032-5791";"1525-3171";"1103";4,04771273979341;1,44918918642298
"Preslia";"OK";"Preslia";"0032-7786";"-";"1110; 2303";3,8974358974359;2,026330651916
"Proceedings of BNCOD 2008 LNCS 5071";"REMOVE";NA;NA;NA;NA;NA;NA
"Proceedings of CombLog Workshop 2004";"REMOVE";NA;NA;NA;NA;NA;NA
"Proceedings of Environmental Information Management Conference 2008";"REMOVE";NA;NA;NA;NA;NA;NA
"Proceedings of International Association of Theoretical and Applied Limnology";"REMOVE";NA;NA;NA;NA;NA;NA
"Proceedings of iSEEKand#039;2009, IEEE Computer Society";"REMOVE";NA;NA;NA;NA;NA;NA
"Proceedings of IUFRO Landscape Ecology International Conference";"REMOVE";NA;NA;NA;NA;NA;NA
"Proceedings of Peerage of Science ";"REMOVE";NA;NA;NA;NA;NA;NA
"Proceedings of RIAO 2004";"REMOVE";NA;NA;NA;NA;NA;NA
"Proceedings of Samara Ras Scientific Centre 2006";"REMOVE";NA;NA;NA;NA;NA;NA
"Proceedings of Seminar 04391, Semantic Interoperability and Integration";"REMOVE";NA;NA;NA;NA;NA;NA
"Proceedings of SPIE, Visualization and Data Analysis 2008";"REMOVE";NA;NA;NA;NA;NA;NA
"Proceedings of the 11th International Conference on Parallel (Special Session on New Trends in Distributed Data Access)";"REMOVE";NA;NA;NA;NA;NA;NA
"Proceedings of the 12th Wakefield Symposium on Ecological Considerations in Fisheries Management";"REMOVE";NA;NA;NA;NA;NA;NA
"Proceedings of the 13th International Conference on Conceptual Structures (ICCS)";"REMOVE";NA;NA;NA;NA;NA;NA
"Proceedings of the 15th IEEE International Conference on Scientific and Statistical Database Management (SSDBM)";"REMOVE";NA;NA;NA;NA;NA;NA
"Proceedings of the 16th Conference on Ontologies, Databases, and Applications of Semantics for Large Scale Information Systems";"REMOVE";NA;NA;NA;NA;NA;NA
"Proceedings of the 16th IEEE International Conference on Scientific and Statistical Database Management (SSDBM)";"REMOVE";NA;NA;NA;NA;NA;NA
"Proceedings of the 17th IEEE International Conference on Scientific and Statistical Database Management (SSDBM)";"REMOVE";NA;NA;NA;NA;NA;NA
"Proceedings of the 18th IEEE International Conference on Scientific and Statistical Database Management (SSDBM)";"REMOVE";NA;NA;NA;NA;NA;NA
"Proceedings of the 2006 International Conference on Digital Government Research";"REMOVE";NA;NA;NA;NA;NA;NA
"Proceedings of the 2008 EDBT Ph.D. Workshop";"REMOVE";NA;NA;NA;NA;NA;NA
"Proceedings of the 20th IEEE/11th NASA Goddard Conference on Mass Storage Systems and Technologies (MSS)";"REMOVE";NA;NA;NA;NA;NA;NA
"Proceedings of the 23rd ACM SIGACT-SIGMOD-SIGART Symposium on Principles of Database Systems (PODS)";"REMOVE";NA;NA;NA;NA;NA;NA
"Proceedings of the 23rd International Conference on Conceptual Modeling (ER), LNCS";"REMOVE";NA;NA;NA;NA;NA;NA
"Proceedings of the 25th ACM SIGACT-SIGMOD-SIGART Symposium on Principles of Database Systems (PODS)";"REMOVE";NA;NA;NA;NA;NA;NA
"Proceedings of the 2nd Workshop on Workflows in Support of Large-scale Science";"REMOVE";NA;NA;NA;NA;NA;NA
"Proceedings of the 5th IEEE International Conference on Web Services (ICWS)";"REMOVE";NA;NA;NA;NA;NA;NA
"Proceedings of the 5th International Conference on Grid and Cooperative Computing (GCC)";"REMOVE";NA;NA;NA;NA;NA;NA
"Proceedings of the 8th ESA Congress";"REMOVE";NA;NA;NA;NA;NA;NA
"Proceedings of the ACM Sigmod International Conference on Management of Data";"OK";"Proceedings of the ACM SIGMOD International Conference on Management of Data";"0730-8078";"-";"1710; 1712";3,79034941763727;2,28734211555609
"Proceedings of the CIKM Workshop on Ontologies and Information Systems for the Semantic Web";"REMOVE";NA;NA;NA;NA;NA;NA
"Proceedings of the Entomological Society of Washington";"OK";"Proceedings of the Entomological Society of Washington";"0013-8797";"-";"1105; 1109";0,564516129032258;0,477127990026293
"Proceedings of the IEEE International Conference on e-Science Workshop on Scientific Workflows and Business Workflow Standards in e-Science";"REMOVE";NA;NA;NA;NA;NA;NA
"Proceedings of the International Conference on Conceptual Modeling (ER), LNCS";"REMOVE";NA;NA;NA;NA;NA;NA
"Proceedings of the International Conference on Statistical and Scientific Databases (SSDBM)";"REMOVE";NA;NA;NA;NA;NA;NA
"Proceedings of the International Congress on Modelling and Simulation (MODSIM)";"REMOVE";NA;NA;NA;NA;NA;NA
"Proceedings of the International Provenance and Annotation Workshop, LNCS";"REMOVE";NA;NA;NA;NA;NA;NA
"Proceedings of the International Symposium for Sustainable Use and Conservation of Biological Diversity: A Challenge for Society";"REMOVE";NA;NA;NA;NA;NA;NA
"Proceedings of the International Workshop on Data Integration in the Life Sciences";"REMOVE";NA;NA;NA;NA;NA;NA
"Proceedings of the International Workshop on Scalable Semantic Web Knowledge Base Systems (SSWS), WISE Workshop";"REMOVE";NA;NA;NA;NA;NA;NA
"Proceedings of the National Academy of Sciences";"OK";"Proceedings of the National Academy of Sciences of the United States of America";"0027-8424";"1091-6490";"1000";11,9418960244648;3,06250660316765
"Proceedings of the National Academy of Sciences of the United States of America";"OK";"Proceedings of the National Academy of Sciences of the United States of America";"0027-8424";"1091-6490";"1000";11,9418960244648;3,06250660316765
"Proceedings of the National Conference on Digital Government Research";"REMOVE";NA;NA;NA;NA;NA;NA
"Proceedings of the Royal Society B-Biological Sciences";"OK";"Proceedings of the Royal Society B: Biological Sciences";"0962-8452";"-";"1100; 1300; 2300; 2400";5,43829296424452;1,73806221973776
"Proceedings of the Royal Society B: Biological Sciences";"OK";"Proceedings of the Royal Society B: Biological Sciences";"0962-8452";"-";"1100; 1300; 2300; 2400";5,43829296424452;1,73806221973776
"Proceedings of the Royal Society of London B: Biological Sciences";"OK";"Proceedings of the Royal Society B: Biological Sciences";"0962-8452";"-";"1100; 1300; 2300; 2400";5,43829296424452;1,73806221973776
"Proceedings of the Royal Society of London Series B-Biological Sciences";"OK";"Proceedings of the Royal Society B: Biological Sciences";"0962-8452";"-";"1100; 1300; 2300; 2400";5,43829296424452;1,73806221973776
"Proceedings of the Workshop on Data Integration in the Life Sciences (DILS), LNCS";"REMOVE";NA;NA;NA;NA;NA;NA
"Proceedings of the Workshop on Information Integration";"REMOVE";NA;NA;NA;NA;NA;NA
"Proceedings of the Workshop on Semantic Web Technologies for Searching and Retrieving Scientific Data, Ceur Workshop Proceedings";"REMOVE";NA;NA;NA;NA;NA;NA
"Proceedings of the Workshop on Semantic Web User Interaction, International Semantic Web Conference";"REMOVE";NA;NA;NA;NA;NA;NA
"Proceedings of the Workshop on Social and Collaborative Construction of Structured Knowledge, 16th International World Wide Web Conference (WWW)";"REMOVE";NA;NA;NA;NA;NA;NA
"Progress in Oceanography";"OK";"Progress in Oceanography";"0079-6611";"-";"1104; 1907";4,38866396761134;1,45702367970198
"Progress in Physical Geography";"OK";"Progress in Physical Geography";"0309-1333";"1477-0296";"1900; 1901; 3305";3,53571428571429;1,14192049829049
"Psyche: A Journal of Entomology";"REMOVE";NA;NA;NA;NA;NA;NA
"Quantitative Plant Biology";"REMOVE";NA;NA;NA;NA;NA;NA
"Quarterly Review of Biology";"OK";"Quarterly Review of Biology";"0033-5770";"1539-7718";"1100";5,72727272727273;2,1563588334194
"Quaternary Research";"OK";"Quaternary Research";"0033-5894";"1096-0287";"1201; 1900; 1904";2,70656370656371;1,00295546994706
"Quaternary Science Reviews";"OK";"Quaternary Science Reviews";"0277-3791";"-";"1105; 1204; 1907; 2306; 3302";4,40883074407195;1,50352890352159
"Query Languages and Query Processing (QLQP06), EDBT Post-Conference Workshop";"REMOVE";NA;NA;NA;NA;NA;NA
"Refereed European Union Report Seamless";"REMOVE";NA;NA;NA;NA;NA;NA
"Regulation";"REMOVE";NA;NA;NA;NA;NA;NA
"Remote Sensing";"OK";"Remote Sensing";"2072-4292";"-";"1900";5,51147281564372;1,54564157979865
"Remote Sensing of Environment";"OK";"Remote Sensing of Environment";"0034-4257";"-";"1111; 1903; 1907";12,8966216216216;3,25218393769099
"Research Ideas and Outcomes";"REMOVE";NA;NA;NA;NA;NA;NA
"Research Journal of Environmental and Earth Sciences";"REMOVE";NA;NA;NA;NA;NA;NA
"Research Synthesis Methods";"OK";"Research Synthesis Methods";"1759-2879";"1759-2887";"3304";7,40131578947368;2,78840938285086
"Researches on Population Ecology";"REMOVE";NA;NA;NA;NA;NA;NA
"Resource and Energy Economics";"REMOVE";NA;NA;NA;NA;NA;NA
"Resource and Energy Economics (Special Issue on the Economics of Biodiversity)";"REMOVE";NA;NA;NA;NA;NA;NA
"Resources";"OK";"Resources";"-";"2079-9276";"2308; 2309";4,10327455919396;1,42851614591132
"Restoration and Management Notes";"REMOVE";NA;NA;NA;NA;NA;NA
"Restoration Ecology";"OK";"Restoration Ecology";"1061-2971";"1526-100X";"1105; 2303; 2309";3,8615664845173;1,28281277028401
"Review of Palaeobotany and Palynology";"OK";"Review of Palaeobotany and Palynology";"0034-6667";"-";"1105; 1911";2,13114754098361;0,954809612068806
"Reviews in Fish Biology and Fisheries";"OK";"Reviews in Fish Biology and Fisheries";"0960-3166";"1573-5184";"1104";6,09375;2,32369359665349
"Revista Chilena de Historia Natural";"OK";"Revista Chilena de Historia Natural";"0716-078X";"0717-6317";"1100; 2300";1,73913043478261;0,595888552796289
"Revista da Sociedade Brasileira de Medicina Tropical";"OK";"Revista da Sociedade Brasileira de Medicina Tropical";"0037-8682";"1678-9849";"2405; 2725; 2726";1,53965183752418;0,695208952164749
"Revue d'Études en Agriculture et Environnement";"REMOVE";NA;NA;NA;NA;NA;NA
"River Research and Applications";"OK";"River Research and Applications";"1535-1459";"1535-1467";"2300; 2304; 2312";2,57494407158837;0,95348510321675
"San Francisco Estuary and Watershed Science";"OK";"San Francisco Estuary and Watershed Science";"1546-2366";"-";"1104; 2312";2,13793103448276;0,886949073512198
"Science";"OK";"Science";"0036-8075";"1095-9203";"1000";41,3684887459807;9,11552677630541
"Science Advances";"OK";"Science advances";"-";"2375-2548";"1000";14,0580568720379;3,03907423776988
"Science Communication";"OK";"Science Communication";"1075-5470";"1552-8545";"3312";6,54444444444444;2,62380588797162
"Science Environment for Ecological Knowledge";"REMOVE";NA;NA;NA;NA;NA;NA
"Science Magazine";"OK";"Science";"0036-8075";"1095-9203";"1000";41,3684887459807;9,11552677630541
"Science of the Total Environment";"OK";"Science of the Total Environment";"0048-9697";"1879-1026";"2304; 2305; 2310; 2311";9,9328531598513;2,17464359091575
"ScienceDirect";"REMOVE";NA;NA;NA;NA;NA;NA
"Scientific Data";"OK";"Scientific data";"-";"2052-4463";"1706; 1710; 1804; 2613; 3304; 3309";10,36;3,40203294941092
"Scientific Reports";"OK";"Scientific Reports";"2045-2322";"-";"1000";4,86308131982333;1,38932037439669
"Scientist";"REMOVE";NA;NA;NA;NA;NA;NA
"Scientometrics";"OK";"Scientometrics";"0138-9130";"1588-2861";"1706; 3300; 3309";3,58357771260997;1,62031108857449
"Seed Magazine";"REMOVE";NA;NA;NA;NA;NA;NA
"Semantic Web Technologies for Searching and Retrieving Scientific Data (SCISW)";"REMOVE";NA;NA;NA;NA;NA;NA
"Serie Zoologia";"REMOVE";NA;NA;NA;NA;NA;NA
"Sigmod Record";"OK";"SIGMOD Record";"0163-5808";"-";"1710; 1712";1,73239436619718;0,965663643044775
"Social Forces";"OK";"Social Forces";"0037-7732";"1534-7605";"1202; 3312; 3314";4,12154696132597;2,27409368475496
"Social Science andamp; Medicine";"REMOVE";NA;NA;NA;NA;NA;NA
"Social Studies of Science";"OK";"Social Studies of Science";"0306-3127";"1460-3659";"1202; 1207; 3300";4,28205128205128;2,42829012790232
"Soil";"OK";"SOIL";"2199-3971";"2199-398X";"1111";5,80232558139535;1,69478120729388
"Soil and Tillage Research";"OK";"Soil and Tillage Research";"0167-1987";"-";"1102; 1111; 1904";7,38391699092088;2,39298361592577
"Soil Biology and Biochemistry";"OK";"Soil Biology and Biochemistry";"0038-0717";"-";"1111; 2404";9,08586387434555;2,2779715961455
"Soil Biology and Biochemistry";"OK";"Soil Biology and Biochemistry";"0038-0717";"-";"1111; 2404";9,08586387434555;2,2779715961455
"Southeastern Naturalist";"OK";"Southeastern Naturalist";"1528-7092";"-";"1105";0,533707865168539;0,413692960196922
"Southwestern Naturalist";"OK";"Southwestern Naturalist";"0038-4909";"1943-6262";"1105";0,247191011235955;0,151898626758064
"Springer Nature";"REMOVE";NA;NA;NA;NA;NA;NA
"Springer Open";"REMOVE";NA;NA;NA;NA;NA;NA
"Stochastic Processes and Their Applications";"OK";"Stochastic Processes and their Applications";"0304-4149";"-";"2604; 2611; 2613";1,44610281923715;1,24037091174557
"Sustainability";"OK";"Sustainability";"2071-1050";"-";"2102; 2105; 2301; 2308; 3305";4,02490141344322;1,31025385240239
"Sustainability Science";"OK";"Sustainability Science";"1862-4065";"1862-4057";"2303; 2306; 2308; 2309; 3305; 3306; 3312";7,25981873111783;2,40899797495377
"System for Environmental and Agricultural Modelling; Linking European Science and Society";"REMOVE";NA;NA;NA;NA;NA;NA
"Systematic Biology";"OK";"Systematic Biology";"1063-5157";"1076-836X";"1105; 1311";14,0625;5,25738382560638
"Systematic Botany";"OK";"Systematic Botany";"0363-6445";"1548-2324";"1105; 1110; 1311";0,886877828054299;0,68196099125689
"Systematics and Biodiversity";"OK";"Systematics and Biodiversity";"1477-2000";"1478-0933";"1105; 1110";2,16666666666667;0,907479719799763
"Taylor and Francis Online";"REMOVE";NA;NA;NA;NA;NA;NA
"Techniques and Culture";"REMOVE";NA;NA;NA;NA;NA;NA
"Tellus Series B-Chemical and Physical Meteorology";"REMOVE";NA;NA;NA;NA;NA;NA
"The American Naturalist";"OK";"American Naturalist";"0003-0147";"1537-5323";"1105";3,71492204899777;1,30310599665395
"The Bulletin of the Ecological Society of America";"REMOVE";NA;NA;NA;NA;NA;NA
"The Lancet";"OK";"Lancet, The";"0140-6736";"1474-547X";"2700";110,541766109785;33,8006913868443
"The Royal Society";"REMOVE";NA;NA;NA;NA;NA;NA
"Theoretical and Applied Genetics";"OK";"Theoretical And Applied Genetics";"0040-5752";"1432-2242";"1102; 1305; 1311";5,57871064467766;1,71055753740956
"Theoretical Ecology";"OK";"Theoretical Ecology";"1874-1738";"1874-1746";"2302; 2303";1,76271186440678;0,829311877194396
"Theoretical Population Biology";"OK";"Theoretical Population Biology";"0040-5809";"1096-0325";"1105";1,26086956521739;0,75524338138927
"Tourism Management";"OK";"Tourism Management";"0261-5177";"-";"1408; 1409; 3303; 3313";13,7578772802653;3,98573963290342
"Toxicology and Industrial Health";"OK";"Toxicology and Industrial Health";"0748-2337";"1477-0393";"2307; 2739; 3005";2,28048780487805;0,660062070579646
"Transactions in Gis";"OK";"Transactions in GIS";"1361-1682";"1467-9671";"1900";2,62978723404255;1,1584901844122
"Transactions of the American Fisheries Society";"OK";"Transactions of the American Fisheries Society";"0002-8487";"1548-8659";"1104; 1105";2,11267605633803;1,11222869690875
"Tree Physiology";"OK";"Tree Physiology";"0829-318X";"1758-4469";"1110; 1314";4,56829268292683;1,34983316997032
"Trends Ecol Evol";"OK";"Trends in Ecology and Evolution";"0169-5347";"1872-8383";"1105";15,8828451882845;4,5109641317103
"Trends in Ecology and Evolution";"OK";"Trends in Ecology and Evolution";"0169-5347";"1872-8383";"1105";15,8828451882845;4,5109641317103
"Trends in Ecology and Evolution";"OK";"Trends in Ecology and Evolution";"0169-5347";"1872-8383";"1105";15,8828451882845;4,5109641317103
"Trends in Plant Science";"OK";"Trends in Plant Science";"1360-1385";"1878-4372";"1110";18,574297188755;4,29552293782027
"Tuexenia";"OK";"Tuexenia";"0722-494X";"-";"1110; 2303; 2308; 2309";1,07692307692308;0,671564165598549
"Union Seminary Quarterly Review";"REMOVE";NA;NA;NA;NA;NA;NA
"Urban Forestry andamp;amp; Urban Greening";"OK";"Urban Forestry and Urban Greening";"1618-8667";"1610-8167";"1107; 1111; 2303";6,0349932705249;1,72365290147936
"Urbanization and Global Environmental Change Viewpoints";"REMOVE";NA;NA;NA;NA;NA;NA
"Vadose Zone Journal";"OK";"Vadose Zone Journal";"1539-1663";"-";"1111";3,71686746987952;1,39467580144334
"Vector-Borne and Zoonotic Diseases";"OK";"Vector-Borne and Zoonotic Diseases";"1530-3667";"1557-7759";"2404; 2406; 2725";2,51706036745407;0,942556774450804
"Verhandlungen des Internationalen Verein Limnologie (Verh. Internat. Verin. Limnol.)";"REMOVE";NA;NA;NA;NA;NA;NA
"Water Resources Research";"OK";"Water Resources Research";"0043-1397";"1944-7973";"2312";5,71154929577465;1,67278855747453
"Waterbirds";"OK";"Waterbirds";"1524-4695";"-";"1103";0,790322580645161;0,470926463725069
"Weather, Climate, and Society";"REMOVE";NA;NA;NA;NA;NA;NA
"Web Intelligence and Agent Systems";"REMOVE";NA;NA;NA;NA;NA;NA
"Weed Research";"OK";"Weed Research";"0043-1737";"1365-3180";"1102; 1105; 1110";2,68840579710145;1,24034640188823
"Weed Science";"OK";"Weed Science";"0043-1745";"1550-2759";"1102; 1110";2,73469387755102;1,34297829384288
"Wetlands";"OK";"Wetlands";"0277-5212";"1943-6246";"2300; 2303; 2304";2,25167037861915;0,850558050078079
"Wild Earth";"REMOVE";NA;NA;NA;NA;NA;NA
"Wiley Interdisciplinary Reviews: Water";"REMOVE";NA;NA;NA;NA;NA;NA
"Wings";"REMOVE";NA;NA;NA;NA;NA;NA
"WIREs Water";"REMOVE";NA;NA;NA;NA;NA;NA
"Workshop on Workflow in Grid Systems, Globalgrid Forum (GGF10)";"REMOVE";NA;NA;NA;NA;NA;NA
"Write Back";"REMOVE";NA;NA;NA;NA;NA;NA
"Yale School of Forestry and Environmental Studies Bulletin Series";"REMOVE";NA;NA;NA;NA;NA;NA
"Yellowstone Science";"REMOVE";NA;NA;NA;NA;NA;NA
"Zookeys";"OK";"ZooKeys";"1313-2989";"1313-2970";"1103; 1105";1,40832328106152;0,98754318211692
"ZooKeys";"OK";"ZooKeys";"1313-2989";"1313-2970";"1103; 1105";1,40832328106152;0,98754318211692
"Zootaxa";"OK";"Zootaxa";"1175-5326";"1175-5334";"1103; 1105";1,03643216080402;0,863595966387418
